region;neigbour
Адыгея;Краснодарский край
Республика Алтай;Алтайский край
Республика Алтай;Кемеровская область
Республика Алтай;Хакасия
Башкортостан;Пермский край
Башкортостан;Свердловская область
Башкортостан;Челябинская область
Башкортостан;Оренбургская область
Башкортостан;Татарстан
Башкортостан;Удмуртия
Бурятия;Иркутская область
Бурятия;Забайкальский край
Дагестан;Ставропольский край
Дагестан;Калмыкия
Дагестан;Чечня
Ингушетия;Северная Осетия
Ингушетия;Чечня
Ингушетия;Кабардино-Балкария
Кабардино-Балкария;Карачаево-Черкесия
Кабардино-Балкария;Ставропольский край
Кабардино-Балкария;Северная Осетия
Калмыкия;Дагестан
Калмыкия;Ставропольский край
Калмыкия;Ростовская область
Калмыкия;Волгоградская область
Калмыкия;Астраханская область
Карачаево-Черкесия;Краснодарский край
Карачаево-Черкесия;Ставропольский край
Карачаево-Черкесия;Кабардино-Балкария
Карелия;Архангельская область
Карелия;Вологодская область
Карелия;Ленинградская область
Карелия;Мурманская область
Республика Коми;Тюменская область
Республика Коми;Ямало-Ненецкий автономный округ
Республика Коми;Ханты-Мансийский автономный округ — Югра
Республика Коми;Свердловская область
Республика Коми;Пермский край
Республика Коми;Кировская область
Республика Коми;Архангельская область
Марий Эл;Кировская область
Марий Эл;Татарстан
Марий Эл;Чувашия
Марий Эл;Нижегородская область
Мордовия;Нижегородская область
Мордовия;Чувашия
Мордовия;Ульяновская область
Мордовия;Пензенская область
Мордовия;Рязанская область
Якутия;Чукотский автономный округ
Якутия;Магаданская область
Якутия;Хабаровский край
Якутия;Амурская область
Якутия;Забайкальский край
Якутия;Иркутская область
Якутия;Красноярский край
Северная Осетия;Кабардино-Балкария
Северная Осетия;Ставропольский край
Северная Осетия;Ингушетия
Северная Осетия;Чечня
Татарстан;Кировская область
Татарстан;Ульяновская область
Татарстан;Самарская область
Татарстан;Оренбургская область
Татарстан;Башкортостан
Татарстан;Марий Эл
Татарстан;Удмуртия
Татарстан;Чувашия
Тыва;Республика Алтай
Тыва;Хакасия
Тыва;Красноярский край
Тыва;Иркутская область
Тыва;Бурятия
Удмуртия;Кировская область
Удмуртия;Пермский край
Удмуртия;Башкортостан
Удмуртия;Татарстан
Хакасия;Красноярский край
Хакасия;Тыва
Хакасия;Республика Алтай
Хакасия;Кемеровская область
Чечня;Ингушетия
Чечня;Северная Осетия
Чечня;Ставропольский край
Чечня;Дагестан
Чувашия;Нижегородская область
Чувашия;Марий Эл
Чувашия;Татарстан
Чувашия;Мордовия
Чувашия;Ульяновская область
Алтайский край;Новосибирская область
Алтайский край;Кемеровская область
Алтайский край;Республика Алтай
Забайкальский край;Амурская область
Забайкальский край;Иркутская область
Забайкальский край;Бурятия
Забайкальский край;Якутия
Камчатский край;Магаданская область
Камчатский край;Чукотский автономный округ
Камчатский край;Сахалинская область
Краснодарский край;Ростовская область
Краснодарский край;Ставропольский край
Краснодарский край;Карачаево-Черкесия
Краснодарский край;Адыгея
Красноярский край;Иркутская область
Красноярский край;Тыва
Красноярский край;Хакасия
Красноярский край;Кемеровская область
Красноярский край;Томская область
Красноярский край;Ямало-Ненецкий автономный округ
Пермский край;Республика Коми
Пермский край;Свердловская область
Пермский край;Башкортостан
Пермский край;Удмуртия
Пермский край;Кировская область
Приморский край;Хабаровский край
Ставропольский край;Краснодарский край
Ставропольский край;Ростовская область
Ставропольский край;Калмыкия
Ставропольский край;Дагестан
Ставропольский край;Чечня
Ставропольский край;Северная Осетия
Ставропольский край;Карачаево-Черкесия
Ставропольский край;Кабардино-Балкария
Хабаровский край;Магаданская область
Хабаровский край;Якутия
Хабаровский край;Амурская область
Хабаровский край;Еврейская автономная область
Хабаровский край;Приморский край
Амурская область;Якутия
Амурская область;Хабаровский край
Амурская область;Еврейская автономная область
Амурская область;Забайкальский край
Архангельская область;Мурманская область
Архангельская область;Вологодская область
Архангельская область;Кировская область
Архангельская область;Тюменская область
Архангельская область;Ямало-Ненецкий автономный округ
Архангельская область;Республика Коми
Архангельская область;Красноярский край
Астраханская область;Волгоградская область
Астраханская область;Калмыкия
Белгородская область;Курская область
Белгородская область;Воронежская область
Брянская область;Смоленская область
Брянская область;Калужская область
Брянская область;Орловская область
Брянская область;Курская область
Владимирская область;Московская область
Владимирская область;Ярославская область
Владимирская область;Ивановская область
Владимирская область;Рязанская область
Владимирская область;Нижегородская область
Волгоградская область;Саратовская область
Волгоградская область;Воронежская область
Волгоградская область;Ростовская область
Волгоградская область;Астраханская область
Волгоградская область;Калмыкия
Вологодская область;Архангельская область
Вологодская область;Кировская область
Вологодская область;Костромская область
Вологодская область;Ярославская область
Вологодская область;Тверская область
Вологодская область;Новгородская область
Вологодская область;Ленинградская область
Воронежская область;Ростовская область
Воронежская область;Белгородская область
Воронежская область;Курская область
Воронежская область;Липецкая область
Воронежская область;Тамбовская область
Воронежская область;Волгоградская область
Воронежская область;Саратовская область
Ивановская область;Ярославская область
Ивановская область;Костромская область
Ивановская область;Нижегородская область
Ивановская область;Владимирская область
Ивановская область;Москва
Иркутская область;Красноярский край
Иркутская область;Забайкальский край
Калужская область;Москва
Калужская область;Московская область
Калужская область;Тульская область
Калужская область;Брянская область
Калужская область;Смоленская область
Калужская область;Орловская область
Кемеровская область;Томская область
Кемеровская область;Красноярский край
Кемеровская область;Республика Алтай
Кемеровская область;Алтайский край
Кемеровская область;Новосибирская область
Кировская область;Пермский край
Кировская область;Удмуртия
Кировская область;Республика Коми
Кировская область;Архангельская область
Кировская область;Вологодская область
Кировская область;Костромская область
Кировская область;Нижегородская область
Кировская область;Марий Эл
Кировская область;Татарстан
Костромская область;Вологодская область
Костромская область;Ивановская область
Костромская область;Нижегородская область
Костромская область;Ярославская область
Костромская область;Кировская область
Курганская область;Свердловская область
Курганская область;Челябинская область
Курганская область;Тюменская область
Курская область;Брянская область
Курская область;Орловская область
Курская область;Липецкая область
Курская область;Воронежская область
Курская область;Белгородская область
Липецкая область;Курская область
Липецкая область;Орловская область
Липецкая область;Тульская область
Липецкая область;Рязанская область
Липецкая область;Тамбовская область
Липецкая область;Воронежская область
Магаданская область;Чукотский автономный округ
Магаданская область;Камчатский край
Магаданская область;Якутия
Магаданская область;Хабаровский край
Московская область;Тверская область
Московская область;Владимирская область
Московская область;Рязанская область
Московская область;Тульская область
Московская область;Калужская область
Московская область;Смоленская область
Московская область;Москва
Московская область;Ярославская область
Мурманская область;Архангельская область
Нижегородская область;Костромская область
Нижегородская область;Кировская область
Нижегородская область;Марий Эл
Нижегородская область;Чувашия
Нижегородская область;Мордовия
Нижегородская область;Рязанская область
Нижегородская область;Владимирская область
Нижегородская область;Ивановская область
Новгородская область;Псковская область
Новгородская область;Тверская область
Новгородская область;Ленинградская область
Новгородская область;Вологодская область
Новосибирская область;Томская область
Новосибирская область;Омская область
Новосибирская область;Алтайский край
Новосибирская область;Кемеровская область
Омская область;Тюменская область
Омская область;Новосибирская область
Омская область;Томская область
Оренбургская область;Самарская область
Оренбургская область;Челябинская область
Оренбургская область;Саратовская область
Орловская область;Тульская область
Орловская область;Липецкая область
Орловская область;Курская область
Орловская область;Брянская область
Орловская область;Калужская область
Пензенская область;Саратовская область
Пензенская область;Тамбовская область
Пензенская область;Ульяновская область
Пензенская область;Мордовия
Пензенская область;Рязанская область
Псковская область;Ленинградская область
Псковская область;Новгородская область
Псковская область;Тверская область
Псковская область;Смоленская область
Псковская область;Республика Алтай
Ростовская область;Волгоградская область
Ростовская область;Воронежская область
Ростовская область;Краснодарский край
Ростовская область;Ставропольский край
Ростовская область;Калмыкия
Рязанская область;Владимирская область
Рязанская область;Нижегородская область
Рязанская область;Мордовия
Рязанская область;Пензенская область
Рязанская область;Тамбовская область
Рязанская область;Липецкая область
Рязанская область;Тульская область
Рязанская область;Московская область
Самарская область;Саратовская область
Самарская область;Ульяновская область
Самарская область;Оренбургская область
Самарская область;Татарстан
Саратовская область;Волгоградская область
Саратовская область;Воронежская область
Саратовская область;Тамбовская область
Саратовская область;Пензенская область
Саратовская область;Самарская область
Саратовская область;Ульяновская область
Саратовская область;Оренбургская область
Сахалинская область;Камчатский край
Сахалинская область;Хабаровский край
Свердловская область;Пермский край
Свердловская область;Республика Коми
Свердловская область;Ханты-Мансийский автономный округ — Югра
Свердловская область;Тюменская область
Свердловская область;Курганская область
Свердловская область;Челябинская область
Свердловская область;Башкортостан
Смоленская область;Псковская область
Смоленская область;Тверская область
Смоленская область;Московская область
Смоленская область;Калужская область
Смоленская область;Брянская область
Тамбовская область;Рязанская область
Тамбовская область;Пензенская область
Тамбовская область;Саратовская область
Тамбовская область;Воронежская область
Тамбовская область;Липецкая область
Тверская область;Московская область
Тверская область;Ярославская область
Тверская область;Вологодская область
Тверская область;Новгородская область
Тверская область;Смоленская область
Тверская область;Псковская область
Томская область;Омская область
Томская область;Тюменская область
Томская область;Ханты-Мансийский автономный округ — Югра
Томская область;Красноярский край
Томская область;Кемеровская область
Томская область;Новосибирская область
Тульская область;Московская область
Тульская область;Рязанская область
Тульская область;Липецкая область
Тульская область;Орловская область
Тульская область;Калужская область
Тюменская область;Архангельская область
Тюменская область;Республика Коми
Тюменская область;Свердловская область
Тюменская область;Курганская область
Тюменская область;Омская область
Тюменская область;Томская область
Тюменская область;Красноярский край
Ульяновская область;Самарская область
Ульяновская область;Саратовская область
Ульяновская область;Пензенская область
Ульяновская область;Мордовия
Ульяновская область;Чувашия
Ульяновская область;Татарстан
Челябинская область;Свердловская область
Челябинская область;Курганская область
Челябинская область;Оренбургская область
Челябинская область;Башкортостан
Ярославская область;Владимирская область
Ярославская область;Вологодская область
Ярославская область;Ивановская область
Ярославская область;Костромская область
Ярославская область;Московская область
Ярославская область;Тверская область
Ярославская область;Москва
Москва;Московская область
Москва;Калужская область
Санкт-Петербург;Ленинградская область
Еврейская автономная область;Амурская область
Еврейская автономная область;Хабаровский край
Ханты-Мансийский автономный округ — Югра;Ямало-Ненецкий автономный округ
Ханты-Мансийский автономный округ — Югра;Красноярский край
Ханты-Мансийский автономный округ — Югра;Томская область
Ханты-Мансийский автономный округ — Югра;Свердловская область
Ханты-Мансийский автономный округ — Югра;Республика Коми
Чукотский автономный округ;Якутия
Чукотский автономный округ;Магаданская область
Чукотский автономный округ;Камчатский край
Ямало-Ненецкий автономный округ;Архангельская область
Ямало-Ненецкий автономный округ;Республика Коми
Ямало-Ненецкий автономный округ;Ханты-Мансийский автономный округ — Югра
Ямало-Ненецкий автономный округ;Красноярский край
Ленинградская область;Карелия
Ленинградская область;Вологодская область
Ленинградская область;Новгородская область
Ленинградская область;Псковская область
Ленинградская область;Санкт-Петербург
